[
  {
    "controller": "AuthorController",
    "method": "createAuthor",
    "http_method": "DELETE",
    "path": "/deleteAuthor"
  },
  {
    "controller": "AuthorController",
    "method": "updateAuthor",
    "http_method": "DELETE",
    "path": "/deleteAuthor"
  },
  {
    "controller": "AuthorController",
    "method": "deleteAuthor",
    "http_method": "DELETE",
    "path": "/deleteAuthor"
  },
  {
    "controller": "BookController",
    "method": "createBook",
    "http_method": "GET",
    "path": "/getBooks"
  },
  {
    "controller": "BookController",
    "method": "getBooks",
    "http_method": "GET",
    "path": "/getBooks"
  },
  {
    "controller": "StudentController",
    "method": "createStudent",
    "http_method": "DELETE",
    "path": "/deleteStudent"
  },
  {
    "controller": "StudentController",
    "method": "updateStudent",
    "http_method": "DELETE",
    "path": "/deleteStudent"
  },
  {
    "controller": "StudentController",
    "method": "deleteStudent",
    "http_method": "DELETE",
    "path": "/deleteStudent"
  },
  {
    "controller": "TransactionController",
    "method": "issueBook",
    "http_method": "POST",
    "path": "/returnBook"
  },
  {
    "controller": "TransactionController",
    "method": "returnBook",
    "http_method": "POST",
    "path": "/returnBook"
  }
]