{
  "component_types": {
    "POJO": [
      "MavenWrapperDownloader"
    ],
    "Application": [
      "StudentLibraryApplication"
    ],
    "Controller": [
      "AuthorController",
      "BookController",
      "StudentController",
      "TransactionController"
    ],
    "Entity": [
      "Author",
      "Book",
      "Card",
      "Student",
      "Transaction"
    ],
    "Interface": [
      "AuthorRepository",
      "BookRepository",
      "CardRepository",
      "StudentRepository",
      "TransactionRepository"
    ],
    "Service": [
      "AuthorService",
      "BookService",
      "CardService",
      "StudentService",
      "TransactionService"
    ],
    "Test": [
      "StudentLibraryApplicationTests"
    ]
  },
  "call_graph": {
    "AuthorController": [
      "AuthorService"
    ],
    "BookController": [
      "BookService"
    ],
    "StudentController": [
      "StudentService"
    ],
    "TransactionController": [
      "TransactionService"
    ],
    "AuthorService": [
      "AuthorRepository"
    ],
    "BookService": [
      "BookRepository"
    ],
    "CardService": [
      "CardRepository"
    ],
    "StudentService": [
      "CardService",
      "Logger",
      "StudentRepository"
    ],
    "TransactionService": [
      "BookRepository",
      "CardRepository",
      "TransactionRepository"
    ]
  },
  "reverse_call_graph": {
    "AuthorService": [
      "AuthorController"
    ],
    "BookService": [
      "BookController"
    ],
    "StudentService": [
      "StudentController"
    ],
    "TransactionService": [
      "TransactionController"
    ],
    "AuthorRepository": [
      "AuthorService"
    ],
    "BookRepository": [
      "BookService",
      "TransactionService"
    ],
    "CardRepository": [
      "CardService",
      "TransactionService"
    ],
    "CardService": [
      "StudentService"
    ],
    "Logger": [
      "StudentService"
    ],
    "StudentRepository": [
      "StudentService"
    ],
    "TransactionRepository": [
      "TransactionService"
    ]
  },
  "name_to_type": {
    "MavenWrapperDownloader": [
      "POJO"
    ],
    "StudentLibraryApplication": [
      "Application"
    ],
    "AuthorController": [
      "Controller"
    ],
    "BookController": [
      "Controller"
    ],
    "StudentController": [
      "Controller"
    ],
    "TransactionController": [
      "Controller"
    ],
    "Author": [
      "Entity"
    ],
    "Book": [
      "Entity"
    ],
    "Card": [
      "Entity"
    ],
    "Student": [
      "Entity"
    ],
    "Transaction": [
      "Entity"
    ],
    "AuthorRepository": [
      "Interface"
    ],
    "BookRepository": [
      "Interface"
    ],
    "CardRepository": [
      "Interface"
    ],
    "StudentRepository": [
      "Interface"
    ],
    "TransactionRepository": [
      "Interface"
    ],
    "AuthorService": [
      "Service"
    ],
    "BookService": [
      "Service"
    ],
    "CardService": [
      "Service"
    ],
    "StudentService": [
      "Service"
    ],
    "TransactionService": [
      "Service"
    ],
    "StudentLibraryApplicationTests": [
      "Test"
    ]
  },
  "pojo_usage": {
    "StudentRepository": {
      "used_by": [
        "StudentLibraryApplication",
        "StudentService"
      ],
      "usage_types": {
        "StudentLibraryApplication": [
          "field"
        ],
        "StudentService": [
          "field"
        ]
      }
    },
    "CardRepository": {
      "used_by": [
        "CardService",
        "StudentLibraryApplication",
        "StudentService",
        "TransactionService"
      ],
      "usage_types": {
        "StudentLibraryApplication": [
          "field"
        ],
        "CardService": [
          "field"
        ],
        "StudentService": [
          "field"
        ],
        "TransactionService": [
          "field"
        ]
      }
    },
    "AuthorRepository": {
      "used_by": [
        "AuthorService",
        "StudentLibraryApplication"
      ],
      "usage_types": {
        "StudentLibraryApplication": [
          "field"
        ],
        "AuthorService": [
          "field"
        ]
      }
    },
    "BookRepository": {
      "used_by": [
        "BookService",
        "StudentLibraryApplication",
        "TransactionService"
      ],
      "usage_types": {
        "StudentLibraryApplication": [
          "field"
        ],
        "BookService": [
          "field"
        ],
        "TransactionService": [
          "field"
        ]
      }
    },
    "AuthorService": {
      "used_by": [
        "AuthorController"
      ],
      "usage_types": {
        "AuthorController": [
          "field"
        ]
      }
    },
    "BookService": {
      "used_by": [
        "BookController"
      ],
      "usage_types": {
        "BookController": [
          "field"
        ]
      }
    },
    "StudentService": {
      "used_by": [
        "StudentController"
      ],
      "usage_types": {
        "StudentController": [
          "field"
        ]
      }
    },
    "TransactionService": {
      "used_by": [
        "TransactionController"
      ],
      "usage_types": {
        "TransactionController": [
          "field"
        ]
      }
    },
    "Logger": {
      "used_by": [
        "StudentService"
      ],
      "usage_types": {
        "StudentService": [
          "field"
        ]
      }
    },
    "CardService": {
      "used_by": [
        "StudentService"
      ],
      "usage_types": {
        "StudentService": [
          "field"
        ]
      }
    },
    "TransactionRepository": {
      "used_by": [
        "TransactionService"
      ],
      "usage_types": {
        "TransactionService": [
          "field"
        ]
      }
    }
  }
}