[
  {
    "file": "C:/137150/MyLabSpace/03-ConversionSourceCodeRepository/Library-Management-System-main\\Library-Management-System-main\\.mvn\\wrapper\\MavenWrapperDownloader.java",
    "class_name": "MavenWrapperDownloader",
    "annotations": [
      "@Override"
    ],
    "methods": [
      {
        "name": "main",
        "visibility": "public",
        "annotations": []
      },
      {
        "name": "downloadFileFromURL",
        "visibility": "private",
        "annotations": []
      },
      {
        "name": "getPasswordAuthentication",
        "visibility": "protected",
        "annotations": []
      }
    ],
    "component_type": [
      "POJO"
    ],
    "fields": [
      {
        "name": "WRAPPER_VERSION",
        "type": "String",
        "annotations": []
      },
      {
        "name": "DEFAULT_DOWNLOAD_URL",
        "type": "String",
        "annotations": []
      },
      {
        "name": "MAVEN_WRAPPER_PROPERTIES_PATH",
        "type": "String",
        "annotations": []
      },
      {
        "name": "MAVEN_WRAPPER_JAR_PATH",
        "type": "String",
        "annotations": []
      },
      {
        "name": "PROPERTY_NAME_WRAPPER_URL",
        "type": "String",
        "annotations": []
      }
    ],
    "calls": [],
    "interfaces": []
  },
  {
    "file": "C:/137150/MyLabSpace/03-ConversionSourceCodeRepository/Library-Management-System-main\\Library-Management-System-main\\src\\main\\java\\com\\StudentLibrary\\Studentlibrary\\StudentLibraryApplication.java",
    "class_name": "StudentLibraryApplication",
    "annotations": [
      "@SpringBootApplication",
      "@SpringBootApplication",
      "@Autowired",
      "@Autowired",
      "@Autowired",
      "@Autowired",
      "@Override"
    ],
    "methods": [
      {
        "name": "main",
        "visibility": "public",
        "annotations": []
      },
      {
        "name": "run",
        "visibility": "public",
        "annotations": []
      }
    ],
    "component_type": [
      "Application"
    ],
    "fields": [
      {
        "name": "studentRepository",
        "type": "StudentRepository",
        "annotations": []
      },
      {
        "name": "cardRepository",
        "type": "CardRepository",
        "annotations": []
      },
      {
        "name": "authorRepository",
        "type": "AuthorRepository",
        "annotations": []
      },
      {
        "name": "bookRepository",
        "type": "BookRepository",
        "annotations": []
      }
    ],
    "calls": [],
    "interfaces": []
  },
  {
    "file": "C:/137150/MyLabSpace/03-ConversionSourceCodeRepository/Library-Management-System-main\\Library-Management-System-main\\src\\main\\java\\com\\StudentLibrary\\Studentlibrary\\Controllers\\AuthorController.java",
    "class_name": "AuthorController",
    "annotations": [
      "@RestController",
      "@RestController",
      "@Autowired",
      "@PostMapping(\"/createAuthor\")",
      "@RequestBody",
      "@PutMapping(\"/updateAuthor\")",
      "@RequestBody",
      "@DeleteMapping(\"/deleteAuthor\")",
      "@RequestParam(\"id\")"
    ],
    "methods": [
      {
        "name": "createAuthor",
        "visibility": "public",
        "annotations": []
      },
      {
        "name": "updateAuthor",
        "visibility": "public",
        "annotations": [
          "@PostMapping(\"/createAuthor\")"
        ]
      },
      {
        "name": "deleteAuthor",
        "visibility": "public",
        "annotations": [
          "@PutMapping(\"/updateAuthor\")"
        ]
      }
    ],
    "component_type": [
      "Controller"
    ],
    "fields": [
      {
        "name": "authorService",
        "type": "AuthorService",
        "annotations": []
      }
    ],
    "calls": [
      "AuthorService.createAuthor",
      "AuthorService.updateAuthor",
      "AuthorService.deleteAuthor"
    ],
    "interfaces": []
  },
  {
    "file": "C:/137150/MyLabSpace/03-ConversionSourceCodeRepository/Library-Management-System-main\\Library-Management-System-main\\src\\main\\java\\com\\StudentLibrary\\Studentlibrary\\Controllers\\BookController.java",
    "class_name": "BookController",
    "annotations": [
      "@CrossOrigin(origins = {\"http://localhost:3000\"})",
      "@RestController",
      "@CrossOrigin(origins = {\"http://localhost:3000\"})",
      "@RestController",
      "@Autowired",
      "@PostMapping(\"/createBook\")",
      "@RequestBody",
      "@GetMapping(\"/getBooks\")",
      "@RequestParam(value = \"genre\",required = false)",
      "@RequestParam(value = \"available\",required = false,defaultValue = \"false\")",
      "@RequestParam(value = \"author\",required = false)"
    ],
    "methods": [
      {
        "name": "createBook",
        "visibility": "public",
        "annotations": []
      },
      {
        "name": "getBooks",
        "visibility": "public",
        "annotations": [
          "@PostMapping(\"/createBook\")"
        ]
      }
    ],
    "component_type": [
      "Controller"
    ],
    "fields": [
      {
        "name": "bookService",
        "type": "BookService",
        "annotations": []
      }
    ],
    "calls": [
      "BookService.createBook",
      "BookService.getBooks"
    ],
    "interfaces": []
  },
  {
    "file": "C:/137150/MyLabSpace/03-ConversionSourceCodeRepository/Library-Management-System-main\\Library-Management-System-main\\src\\main\\java\\com\\StudentLibrary\\Studentlibrary\\Controllers\\StudentController.java",
    "class_name": "StudentController",
    "annotations": [
      "@RestController",
      "@RestController",
      "@Autowired",
      "@PostMapping(\"/createStudent\")",
      "@RequestBody",
      "@PutMapping(\"/updateStudent\")",
      "@RequestBody",
      "@DeleteMapping(\"/deleteStudent\")",
      "@RequestParam(\"id\")"
    ],
    "methods": [
      {
        "name": "createStudent",
        "visibility": "public",
        "annotations": []
      },
      {
        "name": "updateStudent",
        "visibility": "public",
        "annotations": [
          "@PostMapping(\"/createStudent\")"
        ]
      },
      {
        "name": "deleteStudent",
        "visibility": "public",
        "annotations": [
          "@PutMapping(\"/updateStudent\")"
        ]
      }
    ],
    "component_type": [
      "Controller"
    ],
    "fields": [
      {
        "name": "studentService",
        "type": "StudentService",
        "annotations": []
      }
    ],
    "calls": [
      "StudentService.createStudent",
      "StudentService.updateStudent",
      "StudentService.deleteStudent"
    ],
    "interfaces": []
  },
  {
    "file": "C:/137150/MyLabSpace/03-ConversionSourceCodeRepository/Library-Management-System-main\\Library-Management-System-main\\src\\main\\java\\com\\StudentLibrary\\Studentlibrary\\Controllers\\TransactionController.java",
    "class_name": "TransactionController",
    "annotations": [
      "@RestController",
      "@RestController",
      "@Autowired",
      "@PostMapping(\"/issueBook\")",
      "@RequestParam(value = \"cardId\")",
      "@RequestParam(\"bookId\")",
      "@PostMapping(\"/returnBook\")",
      "@RequestParam(\"cardId\")",
      "@RequestParam(\"bookId\")"
    ],
    "methods": [
      {
        "name": "issueBook",
        "visibility": "public",
        "annotations": []
      },
      {
        "name": "returnBook",
        "visibility": "public",
        "annotations": [
          "@PostMapping(\"/issueBook\")"
        ]
      }
    ],
    "component_type": [
      "Controller"
    ],
    "fields": [
      {
        "name": "transactionService",
        "type": "TransactionService",
        "annotations": []
      }
    ],
    "calls": [
      "TransactionService.issueBooks",
      "TransactionService.returnBooks"
    ],
    "interfaces": []
  },
  {
    "file": "C:/137150/MyLabSpace/03-ConversionSourceCodeRepository/Library-Management-System-main\\Library-Management-System-main\\src\\main\\java\\com\\StudentLibrary\\Studentlibrary\\Model\\Author.java",
    "class_name": "Author",
    "annotations": [
      "@Entity",
      "@Entity",
      "@GeneratedValue(strategy = GenerationType.IDENTITY)",
      "@Id",
      "@Column(unique = true)",
      "@OneToMany(mappedBy = \"author\",cascade = CascadeType.ALL,fetch = FetchType.LAZY)"
    ],
    "methods": [
      {
        "name": "getId",
        "visibility": "public",
        "annotations": []
      },
      {
        "name": "setId",
        "visibility": "public",
        "annotations": []
      },
      {
        "name": "getName",
        "visibility": "public",
        "annotations": []
      },
      {
        "name": "setName",
        "visibility": "public",
        "annotations": []
      },
      {
        "name": "getEmail",
        "visibility": "public",
        "annotations": []
      },
      {
        "name": "setEmail",
        "visibility": "public",
        "annotations": []
      },
      {
        "name": "getAge",
        "visibility": "public",
        "annotations": []
      },
      {
        "name": "setAge",
        "visibility": "public",
        "annotations": []
      },
      {
        "name": "getCountry",
        "visibility": "public",
        "annotations": []
      },
      {
        "name": "setCountry",
        "visibility": "public",
        "annotations": []
      },
      {
        "name": "getBooks_written",
        "visibility": "public",
        "annotations": []
      },
      {
        "name": "setBooks_written",
        "visibility": "public",
        "annotations": []
      }
    ],
    "component_type": [
      "Entity"
    ],
    "fields": [
      {
        "name": "name",
        "type": "String",
        "annotations": []
      },
      {
        "name": "email",
        "type": "String",
        "annotations": []
      },
      {
        "name": "country",
        "type": "String",
        "annotations": []
      }
    ],
    "calls": [],
    "interfaces": []
  },
  {
    "file": "C:/137150/MyLabSpace/03-ConversionSourceCodeRepository/Library-Management-System-main\\Library-Management-System-main\\src\\main\\java\\com\\StudentLibrary\\Studentlibrary\\Model\\Book.java",
    "class_name": "Book",
    "annotations": [
      "@Entity",
      "@Entity",
      "@GeneratedValue(strategy = GenerationType.IDENTITY)",
      "@Id",
      "@Enumerated(EnumType.STRING)",
      "@ManyToOne",
      "@JoinColumn",
      "@JsonIgnore",
      "@ManyToOne",
      "@JoinColumn",
      "@JsonIgnore",
      "@Column(columnDefinition = \"TINYINT(1)\")",
      "@OneToMany(mappedBy = \"book\",cascade = CascadeType.ALL,fetch = FetchType.LAZY)",
      "@JsonIgnore"
    ],
    "methods": [
      {
        "name": "getId",
        "visibility": "public",
        "annotations": []
      },
      {
        "name": "setId",
        "visibility": "public",
        "annotations": []
      },
      {
        "name": "getName",
        "visibility": "public",
        "annotations": []
      },
      {
        "name": "setName",
        "visibility": "public",
        "annotations": []
      },
      {
        "name": "getGenre",
        "visibility": "public",
        "annotations": []
      },
      {
        "name": "setGenre",
        "visibility": "public",
        "annotations": []
      },
      {
        "name": "getAuthor",
        "visibility": "public",
        "annotations": []
      },
      {
        "name": "setAuthor",
        "visibility": "public",
        "annotations": []
      },
      {
        "name": "getCard",
        "visibility": "public",
        "annotations": []
      },
      {
        "name": "setCard",
        "visibility": "public",
        "annotations": []
      },
      {
        "name": "getAvailable",
        "visibility": "public",
        "annotations": []
      },
      {
        "name": "setAvailable",
        "visibility": "public",
        "annotations": []
      },
      {
        "name": "isAvailable",
        "visibility": "public",
        "annotations": []
      },
      {
        "name": "getTransactions",
        "visibility": "public",
        "annotations": []
      },
      {
        "name": "setTransactions",
        "visibility": "public",
        "annotations": []
      }
    ],
    "component_type": [
      "Entity"
    ],
    "fields": [
      {
        "name": "name",
        "type": "String",
        "annotations": []
      },
      {
        "name": "genre",
        "type": "Genre",
        "annotations": []
      },
      {
        "name": "author",
        "type": "Author",
        "annotations": []
      },
      {
        "name": "card",
        "type": "Card",
        "annotations": []
      }
    ],
    "calls": [],
    "interfaces": []
  },
  {
    "file": "C:/137150/MyLabSpace/03-ConversionSourceCodeRepository/Library-Management-System-main\\Library-Management-System-main\\src\\main\\java\\com\\StudentLibrary\\Studentlibrary\\Model\\Card.java",
    "class_name": "Card",
    "annotations": [
      "@Entity",
      "@Entity",
      "@Id",
      "@GeneratedValue(strategy = GenerationType.IDENTITY)",
      "@OneToOne(mappedBy = \"card\",cascade = CascadeType.ALL,fetch = FetchType.LAZY)",
      "@CreationTimestamp",
      "@UpdateTimestamp",
      "@Enumerated(value=EnumType.STRING)",
      "@OneToMany(mappedBy = \"card\",cascade = CascadeType.ALL,fetch = FetchType.LAZY)",
      "@OneToMany(mappedBy = \"card\",cascade = CascadeType.ALL,fetch = FetchType.LAZY)"
    ],
    "methods": [
      {
        "name": "getCardStatus",
        "visibility": "public",
        "annotations": []
      },
      {
        "name": "setCardStatus",
        "visibility": "public",
        "annotations": []
      },
      {
        "name": "getId",
        "visibility": "public",
        "annotations": []
      },
      {
        "name": "setId",
        "visibility": "public",
        "annotations": []
      },
      {
        "name": "getStudent",
        "visibility": "public",
        "annotations": []
      },
      {
        "name": "setStudent",
        "visibility": "public",
        "annotations": []
      },
      {
        "name": "getCreatedOn",
        "visibility": "public",
        "annotations": []
      },
      {
        "name": "setCreatedOn",
        "visibility": "public",
        "annotations": []
      },
      {
        "name": "getUpdatedOn",
        "visibility": "public",
        "annotations": []
      },
      {
        "name": "setUpdatedOn",
        "visibility": "public",
        "annotations": []
      },
      {
        "name": "getTransactions",
        "visibility": "public",
        "annotations": []
      },
      {
        "name": "setTransactions",
        "visibility": "public",
        "annotations": []
      },
      {
        "name": "getBooks",
        "visibility": "public",
        "annotations": []
      },
      {
        "name": "setBooks",
        "visibility": "public",
        "annotations": []
      }
    ],
    "component_type": [
      "Entity"
    ],
    "fields": [
      {
        "name": "student",
        "type": "Student",
        "annotations": []
      },
      {
        "name": "createdOn",
        "type": "Date",
        "annotations": []
      },
      {
        "name": "updatedOn",
        "type": "Date",
        "annotations": []
      },
      {
        "name": "cardStatus",
        "type": "CardStatus",
        "annotations": []
      }
    ],
    "calls": [],
    "interfaces": []
  },
  {
    "file": "C:/137150/MyLabSpace/03-ConversionSourceCodeRepository/Library-Management-System-main\\Library-Management-System-main\\src\\main\\java\\com\\StudentLibrary\\Studentlibrary\\Model\\CardStatus.java",
    "class_name": null,
    "annotations": [],
    "methods": [],
    "component_type": [],
    "fields": [],
    "calls": [],
    "interfaces": []
  },
  {
    "file": "C:/137150/MyLabSpace/03-ConversionSourceCodeRepository/Library-Management-System-main\\Library-Management-System-main\\src\\main\\java\\com\\StudentLibrary\\Studentlibrary\\Model\\Genre.java",
    "class_name": null,
    "annotations": [],
    "methods": [],
    "component_type": [],
    "fields": [],
    "calls": [],
    "interfaces": []
  },
  {
    "file": "C:/137150/MyLabSpace/03-ConversionSourceCodeRepository/Library-Management-System-main\\Library-Management-System-main\\src\\main\\java\\com\\StudentLibrary\\Studentlibrary\\Model\\Student.java",
    "class_name": "Student",
    "annotations": [
      "@Entity",
      "@Entity",
      "@Id",
      "@GeneratedValue(strategy = GenerationType.IDENTITY)",
      "@OneToOne",
      "@JoinColumn",
      "@CreationTimestamp",
      "@UpdateTimestamp"
    ],
    "methods": [
      {
        "name": "getId",
        "visibility": "public",
        "annotations": []
      },
      {
        "name": "setId",
        "visibility": "public",
        "annotations": []
      },
      {
        "name": "getEmailId",
        "visibility": "public",
        "annotations": []
      },
      {
        "name": "setEmailId",
        "visibility": "public",
        "annotations": []
      },
      {
        "name": "getName",
        "visibility": "public",
        "annotations": []
      },
      {
        "name": "setName",
        "visibility": "public",
        "annotations": []
      },
      {
        "name": "getAge",
        "visibility": "public",
        "annotations": []
      },
      {
        "name": "setAge",
        "visibility": "public",
        "annotations": []
      },
      {
        "name": "getCountry",
        "visibility": "public",
        "annotations": []
      },
      {
        "name": "setCountry",
        "visibility": "public",
        "annotations": []
      },
      {
        "name": "getCard",
        "visibility": "public",
        "annotations": []
      },
      {
        "name": "setCard",
        "visibility": "public",
        "annotations": []
      },
      {
        "name": "getCreatedOn",
        "visibility": "public",
        "annotations": []
      },
      {
        "name": "setCreatedOn",
        "visibility": "public",
        "annotations": []
      },
      {
        "name": "getUpdatedOn",
        "visibility": "public",
        "annotations": []
      },
      {
        "name": "setUpdatedOn",
        "visibility": "public",
        "annotations": []
      }
    ],
    "component_type": [
      "Entity"
    ],
    "fields": [
      {
        "name": "emailId",
        "type": "String",
        "annotations": []
      },
      {
        "name": "name",
        "type": "String",
        "annotations": []
      },
      {
        "name": "country",
        "type": "String",
        "annotations": []
      },
      {
        "name": "card",
        "type": "Card",
        "annotations": []
      },
      {
        "name": "createdOn",
        "type": "Date",
        "annotations": []
      },
      {
        "name": "updatedOn",
        "type": "Date",
        "annotations": []
      }
    ],
    "calls": [],
    "interfaces": []
  },
  {
    "file": "C:/137150/MyLabSpace/03-ConversionSourceCodeRepository/Library-Management-System-main\\Library-Management-System-main\\src\\main\\java\\com\\StudentLibrary\\Studentlibrary\\Model\\Transaction.java",
    "class_name": "Transaction",
    "annotations": [
      "@Entity",
      "@Entity",
      "@Id",
      "@GeneratedValue(strategy = GenerationType.IDENTITY)",
      "@ManyToOne",
      "@JoinColumn",
      "@ManyToOne",
      "@JoinColumn",
      "@Column(columnDefinition = \"TINYINT(1)\")",
      "@Enumerated(EnumType.STRING)",
      "@CreationTimestamp"
    ],
    "methods": [
      {
        "name": "getTransactionDate",
        "visibility": "public",
        "annotations": []
      },
      {
        "name": "setTransactionDate",
        "visibility": "public",
        "annotations": []
      },
      {
        "name": "getId",
        "visibility": "public",
        "annotations": []
      },
      {
        "name": "setId",
        "visibility": "public",
        "annotations": []
      },
      {
        "name": "getTransactionId",
        "visibility": "public",
        "annotations": []
      },
      {
        "name": "setTransactionId",
        "visibility": "public",
        "annotations": []
      },
      {
        "name": "getCard",
        "visibility": "public",
        "annotations": []
      },
      {
        "name": "setCard",
        "visibility": "public",
        "annotations": []
      },
      {
        "name": "getFineAmount",
        "visibility": "public",
        "annotations": []
      },
      {
        "name": "setFineAmount",
        "visibility": "public",
        "annotations": []
      },
      {
        "name": "getBook",
        "visibility": "public",
        "annotations": []
      },
      {
        "name": "setBook",
        "visibility": "public",
        "annotations": []
      },
      {
        "name": "getIssueOperation",
        "visibility": "public",
        "annotations": []
      },
      {
        "name": "setIssueOperation",
        "visibility": "public",
        "annotations": []
      },
      {
        "name": "getTransactionStatus",
        "visibility": "public",
        "annotations": []
      },
      {
        "name": "setTransactionStatus",
        "visibility": "public",
        "annotations": []
      }
    ],
    "component_type": [
      "Entity"
    ],
    "fields": [
      {
        "name": "transactionId",
        "type": "String",
        "annotations": []
      },
      {
        "name": "card",
        "type": "Card",
        "annotations": []
      },
      {
        "name": "book",
        "type": "Book",
        "annotations": []
      },
      {
        "name": "isIssueOperation",
        "type": "Boolean",
        "annotations": []
      },
      {
        "name": "transactionStatus",
        "type": "TransactionStatus",
        "annotations": []
      },
      {
        "name": "transactionDate",
        "type": "Date",
        "annotations": []
      }
    ],
    "calls": [],
    "interfaces": []
  },
  {
    "file": "C:/137150/MyLabSpace/03-ConversionSourceCodeRepository/Library-Management-System-main\\Library-Management-System-main\\src\\main\\java\\com\\StudentLibrary\\Studentlibrary\\Model\\TransactionStatus.java",
    "class_name": null,
    "annotations": [],
    "methods": [],
    "component_type": [],
    "fields": [],
    "calls": [],
    "interfaces": []
  },
  {
    "file": "C:/137150/MyLabSpace/03-ConversionSourceCodeRepository/Library-Management-System-main\\Library-Management-System-main\\src\\main\\java\\com\\StudentLibrary\\Studentlibrary\\Repositories\\AuthorRepository.java",
    "class_name": "AuthorRepository",
    "annotations": [],
    "methods": [
      {
        "name": "updateAuthorDetails",
        "visibility": "package-private",
        "annotations": []
      },
      {
        "name": "deleteCustom",
        "visibility": "package-private",
        "annotations": []
      }
    ],
    "component_type": [
      "Interface"
    ],
    "fields": [],
    "calls": [],
    "interfaces": [
      "AuthorRepository"
    ]
  },
  {
    "file": "C:/137150/MyLabSpace/03-ConversionSourceCodeRepository/Library-Management-System-main\\Library-Management-System-main\\src\\main\\java\\com\\StudentLibrary\\Studentlibrary\\Repositories\\BookRepository.java",
    "class_name": "BookRepository",
    "annotations": [],
    "methods": [
      {
        "name": "updateBook",
        "visibility": "package-private",
        "annotations": []
      },
      {
        "name": "findBooksByGenre_Author",
        "visibility": "package-private",
        "annotations": []
      },
      {
        "name": "findBooksByGenre",
        "visibility": "package-private",
        "annotations": []
      },
      {
        "name": "findBooksByAuthor",
        "visibility": "package-private",
        "annotations": []
      },
      {
        "name": "findBooksByAvailability",
        "visibility": "package-private",
        "annotations": []
      }
    ],
    "component_type": [
      "Interface"
    ],
    "fields": [],
    "calls": [],
    "interfaces": [
      "BookRepository"
    ]
  },
  {
    "file": "C:/137150/MyLabSpace/03-ConversionSourceCodeRepository/Library-Management-System-main\\Library-Management-System-main\\src\\main\\java\\com\\StudentLibrary\\Studentlibrary\\Repositories\\CardRepository.java",
    "class_name": "CardRepository",
    "annotations": [],
    "methods": [
      {
        "name": "deactivateCard",
        "visibility": "package-private",
        "annotations": []
      }
    ],
    "component_type": [
      "Interface"
    ],
    "fields": [],
    "calls": [],
    "interfaces": [
      "CardRepository"
    ]
  },
  {
    "file": "C:/137150/MyLabSpace/03-ConversionSourceCodeRepository/Library-Management-System-main\\Library-Management-System-main\\src\\main\\java\\com\\StudentLibrary\\Studentlibrary\\Repositories\\StudentRepository.java",
    "class_name": "StudentRepository",
    "annotations": [],
    "methods": [
      {
        "name": "updateStudentEmail",
        "visibility": "package-private",
        "annotations": []
      },
      {
        "name": "deleteCustom",
        "visibility": "package-private",
        "annotations": []
      },
      {
        "name": "updateStudentDetails",
        "visibility": "package-private",
        "annotations": []
      },
      {
        "name": "find_by_mail",
        "visibility": "package-private",
        "annotations": []
      },
      {
        "name": "findbymail",
        "visibility": "package-private",
        "annotations": []
      }
    ],
    "component_type": [
      "Interface"
    ],
    "fields": [],
    "calls": [],
    "interfaces": [
      "StudentRepository"
    ]
  },
  {
    "file": "C:/137150/MyLabSpace/03-ConversionSourceCodeRepository/Library-Management-System-main\\Library-Management-System-main\\src\\main\\java\\com\\StudentLibrary\\Studentlibrary\\Repositories\\TransactionRepository.java",
    "class_name": "TransactionRepository",
    "annotations": [],
    "methods": [
      {
        "name": "findByCard_Book",
        "visibility": "public",
        "annotations": []
      }
    ],
    "component_type": [
      "Interface"
    ],
    "fields": [],
    "calls": [],
    "interfaces": [
      "TransactionRepository"
    ]
  },
  {
    "file": "C:/137150/MyLabSpace/03-ConversionSourceCodeRepository/Library-Management-System-main\\Library-Management-System-main\\src\\main\\java\\com\\StudentLibrary\\Studentlibrary\\Services\\AuthorService.java",
    "class_name": "AuthorService",
    "annotations": [
      "@Service",
      "@Service",
      "@Autowired"
    ],
    "methods": [
      {
        "name": "createAuthor",
        "visibility": "public",
        "annotations": []
      },
      {
        "name": "updateAuthor",
        "visibility": "public",
        "annotations": []
      },
      {
        "name": "deleteAuthor",
        "visibility": "public",
        "annotations": []
      }
    ],
    "component_type": [
      "Service"
    ],
    "fields": [
      {
        "name": "authorRepository",
        "type": "AuthorRepository",
        "annotations": []
      }
    ],
    "calls": [
      "AuthorRepository.save",
      "AuthorRepository.updateAuthorDetails",
      "AuthorRepository.deleteCustom"
    ],
    "interfaces": []
  },
  {
    "file": "C:/137150/MyLabSpace/03-ConversionSourceCodeRepository/Library-Management-System-main\\Library-Management-System-main\\src\\main\\java\\com\\StudentLibrary\\Studentlibrary\\Services\\BookService.java",
    "class_name": "BookService",
    "annotations": [
      "@Service",
      "@Service",
      "@Autowired"
    ],
    "methods": [
      {
        "name": "createBook",
        "visibility": "public",
        "annotations": []
      },
      {
        "name": "getBooks",
        "visibility": "public",
        "annotations": []
      }
    ],
    "component_type": [
      "Service"
    ],
    "fields": [
      {
        "name": "bookRepository",
        "type": "BookRepository",
        "annotations": []
      }
    ],
    "calls": [
      "BookRepository.save",
      "BookRepository.findBooksByGenre_Author",
      "BookRepository.findBooksByGenre",
      "BookRepository.findBooksByAuthor",
      "BookRepository.findBooksByAvailability"
    ],
    "interfaces": []
  },
  {
    "file": "C:/137150/MyLabSpace/03-ConversionSourceCodeRepository/Library-Management-System-main\\Library-Management-System-main\\src\\main\\java\\com\\StudentLibrary\\Studentlibrary\\Services\\CardService.java",
    "class_name": "CardService",
    "annotations": [
      "@Service",
      "@Service",
      "@Autowired"
    ],
    "methods": [
      {
        "name": "createCard",
        "visibility": "public",
        "annotations": []
      },
      {
        "name": "deactivate",
        "visibility": "public",
        "annotations": []
      }
    ],
    "component_type": [
      "Service"
    ],
    "fields": [
      {
        "name": "cardRepository",
        "type": "CardRepository",
        "annotations": []
      }
    ],
    "calls": [
      "CardRepository.save",
      "CardRepository.deactivateCard"
    ],
    "interfaces": []
  },
  {
    "file": "C:/137150/MyLabSpace/03-ConversionSourceCodeRepository/Library-Management-System-main\\Library-Management-System-main\\src\\main\\java\\com\\StudentLibrary\\Studentlibrary\\Services\\StudentService.java",
    "class_name": "StudentService",
    "annotations": [
      "@Service",
      "@Service",
      "@Autowired",
      "@Autowired",
      "@Autowired"
    ],
    "methods": [
      {
        "name": "createStudent",
        "visibility": "public",
        "annotations": []
      },
      {
        "name": "updateStudent",
        "visibility": "public",
        "annotations": []
      },
      {
        "name": "deleteStudent",
        "visibility": "public",
        "annotations": []
      }
    ],
    "component_type": [
      "Service"
    ],
    "fields": [
      {
        "name": "logger",
        "type": "Logger",
        "annotations": []
      },
      {
        "name": "studentRepository",
        "type": "StudentRepository",
        "annotations": []
      },
      {
        "name": "cardRepository",
        "type": "CardRepository",
        "annotations": []
      },
      {
        "name": "cardService",
        "type": "CardService",
        "annotations": []
      }
    ],
    "calls": [
      "CardService.createCard",
      "Logger.info",
      "StudentRepository.updateStudentDetails",
      "CardService.deactivate",
      "StudentRepository.deleteCustom"
    ],
    "interfaces": []
  },
  {
    "file": "C:/137150/MyLabSpace/03-ConversionSourceCodeRepository/Library-Management-System-main\\Library-Management-System-main\\src\\main\\java\\com\\StudentLibrary\\Studentlibrary\\Services\\TransactionService.java",
    "class_name": "TransactionService",
    "annotations": [
      "@Service",
      "@Service",
      "@Autowired",
      "@Autowired",
      "@Autowired",
      "@Value(\"${books.max_allowed}\")",
      "@Value(\"${books.max_allowed_days}\")",
      "@Value(\"${books.fine.per_day}\")"
    ],
    "methods": [
      {
        "name": "issueBooks",
        "visibility": "public",
        "annotations": []
      },
      {
        "name": "returnBooks",
        "visibility": "public",
        "annotations": []
      }
    ],
    "component_type": [
      "Service"
    ],
    "fields": [
      {
        "name": "transactionRepository",
        "type": "TransactionRepository",
        "annotations": []
      },
      {
        "name": "bookRepository",
        "type": "BookRepository",
        "annotations": []
      },
      {
        "name": "cardRepository",
        "type": "CardRepository",
        "annotations": []
      }
    ],
    "calls": [
      "BookRepository.findById",
      "CardRepository.findById",
      "BookRepository.updateBook",
      "TransactionRepository.save",
      "TransactionRepository.findByCard_Book",
      "BookRepository.updateBook",
      "TransactionRepository.save"
    ],
    "interfaces": []
  },
  {
    "file": "C:/137150/MyLabSpace/03-ConversionSourceCodeRepository/Library-Management-System-main\\Library-Management-System-main\\src\\test\\java\\com\\StudentLibrary\\Studentlibrary\\StudentLibraryApplicationTests.java",
    "class_name": "StudentLibraryApplicationTests",
    "annotations": [
      "@SpringBootTest",
      "@SpringBootTest",
      "@Test"
    ],
    "methods": [
      {
        "name": "contextLoads",
        "visibility": "package-private",
        "annotations": []
      }
    ],
    "component_type": [
      "Test"
    ],
    "fields": [],
    "calls": [],
    "interfaces": []
  }
]